INSERT INTO INSTANCES (INSTANCE_ID, INSTANCE_NAME, CONTAINER_IMAGE, EVENT_ID, EVENT_RULES_ID, ENTRIES_ID, ASSIST_RULES_ID, BOP_ID, CONFIG_ID, SETTINGS_ID) VALUES ('b1d15ac4-2e46-4bce-a5c4-f11e4dff18db', 'ACC Instance Name', 'N/A', '458780f0-8a4c-4bd9-b35b-b26aab2351c4', '644b1449-6c75-421c-a9be-211c11055696', '3e02ec3d-b14b-4e2b-9606-16620381b96f', '8c009312-a31a-4a8a-822f-57bdd13fd2aa', '9b7a158a-3d93-4c4f-b0be-ae2c3753b712', 'bed3a53b-fb7c-490b-bb70-7e6a6c7ab3fd', 'c092ab62-4d0e-4fe6-b8e9-21344d8dc27f');

INSERT INTO EVENT (EVENT_ID, EVENT_NAME, TRACK, PRE_RACE_WAITING_TIME_SEC, SESSION_OVER_TIME_SEC, AMBIENT_TEMP, TRACK_TEMP, CLOUD_LEVEL, RAIN, WEATHER_RANDOMNESS, POST_QUALY_TIME_SEC, POST_RACE_TIME_SEC, META_DATA) VALUES ('458780f0-8a4c-4bd9-b35b-b26aab2351c4', 'ACC Event Laguna', 'laguna_seca', 30, 120, 25, 30, 0.3, 0.0, 1, 90, 120, '');

INSERT INTO EVENT_RULES (EVENT_RULES_ID, QUALIFY_STANDING_TYPE, SUPERPOLE_MAX_CAR, PIT_WINDOW_LENGTH_SEC, DRIVER_STINT_TIME_SEC, MANDATORY_PITSTOP_COUNT, MAX_TOTAL_DRIVING_TIME, MAX_DRIVERS_COUNT, IS_REFUELLING_ALLOWED_IN_RACE, IS_REFUELLING_TIME_FIXED, IS_MANDATORY_PITSTOP_REFUELLING_REQUIRED, IS_MANDATORY_PITSTOP_TYRE_CHANGE_REQUIRED, IS_MANDATORY_PITSTOP_SWAP_DRIVER_REQUIRED, TYRE_SET_COUNT) VALUES ('644b1449-6c75-421c-a9be-211c11055696', 1, -1, -1, -1, 0, -1, 1, true, false, false, false, false, 50);

INSERT INTO SESSIONS (SESSION_ID, EVENT_ID, HOUR_OF_DAY, DAY_OF_WEEKEND, TIME_MULTIPLIER, SESSION_TYPE, SESSION_DURATION_MIN) VALUES ('16d6ed3f-b35c-4a45-b845-9e851a7492c7', '458780f0-8a4c-4bd9-b35b-b26aab2351c4', 8, 2, 5, 'Q', 10);
INSERT INTO SESSIONS (SESSION_ID, EVENT_ID, HOUR_OF_DAY, DAY_OF_WEEKEND, TIME_MULTIPLIER, SESSION_TYPE, SESSION_DURATION_MIN) VALUES ('7ed48029-302f-44bd-a32d-f11f753f0bb4', '458780f0-8a4c-4bd9-b35b-b26aab2351c4', 12, 3, 5, 'R', 20);

INSERT INTO CAR_ENTRIES (CAR_ENTRIES_ID, CAR_ENTRY_ID, FORCE_ENTRY_LIST, CONFIG_VERSION) VALUES ('3e02ec3d-b14b-4e2b-9606-16620381b96f', 'e7abc9d0-5c73-4d9d-8e42-53603778faf9', 0, 1);

INSERT INTO CAR_ENTRY (CAR_ENTRY_ID, CAR_ENTRIES_ID, DRIVER_ID, RACE_NUMBER, FORCE_CAR_MODEL, OVERRIDE_DRIVER_INFO, IS_SERVER_ADMIN) VALUES ('e7abc9d0-5c73-4d9d-8e42-53603778faf9', '3e02ec3d-b14b-4e2b-9606-16620381b96f', 'b03600ef-7611-4719-b607-ab1cb76436c0', 88, -1, 0, 1);
INSERT INTO CAR_ENTRY (CAR_ENTRY_ID, CAR_ENTRIES_ID, DRIVER_ID, RACE_NUMBER, FORCE_CAR_MODEL, OVERRIDE_DRIVER_INFO, CUSTOM_CAR, OVERRIDE_CAR_MODEL_FOR_CUSTOM_CAR, IS_SERVER_ADMIN, DEFAULT_GRID_POSITION, BALLAST_KG, RESTRICTOR) VALUES ('dba04fb0-ae6f-4dbe-a2a8-ff7ea23b031f', '3e02ec3d-b14b-4e2b-9606-16620381b96f', '294a502d-d412-4ac9-a2d8-5642a699e448', 114, -1, 0, 'exampleCar.json', 1, 0, -1, 0, 0);

INSERT INTO DRIVER (DRIVER_ID, CAR_ENTRY_ID, PLAYER_ID) VALUES ('b03600ef-7611-4719-b607-ab1cb76436c0', 'b03600ef-7611-4719-b607-ab1cb76436c0', 'S765611xxxxxxxxxx1');

INSERT INTO DRIVER (DRIVER_ID, CAR_ENTRY_ID, FIRST_NAME, LAST_NAME, SHORT_NAME, DRIVER_CATEGORY, PLAYER_ID) VALUES ('294a502d-d412-4ac9-a2d8-5642a699e448', 'dba04fb0-ae6f-4dbe-a2a8-ff7ea23b031f', 'First', 'Driver', 'N01', 2, 'S765611xxxxxxxxxx3');
INSERT INTO DRIVER (DRIVER_ID, CAR_ENTRY_ID, FIRST_NAME, LAST_NAME, SHORT_NAME, DRIVER_CATEGORY, PLAYER_ID) VALUES ('8a944c3a-61ad-4578-a9b2-31b54d2c7a6a', 'dba04fb0-ae6f-4dbe-a2a8-ff7ea23b031f', 'Another', 'Person', 'NO2', 1, 'S765611xxxxxxxxxx4');

INSERT INTO ASSIST_RULES (ASSIST_RULES_ID, STABILITY_CONTROL_LEVEL_MAX, DISABLE_AUTO_STEER, DISABLE_AUTO_LIGHTS, DISABLE_AUTO_WIPER, DISABLE_AUTO_ENGINE_START, DISABLE_AUTO_PIT_LIMITER, DISABLE_AUTO_GEAR, DISABLE_AUTO_CLUTCH, DISABLE_IDEAL_LINE) VALUES ('8c009312-a31a-4a8a-822f-57bdd13fd2aa', 25, 1, 0, 0, 0, 0, 0, 0, 0);

INSERT INTO BOP (BOP_ID, BOP_ENTRY_ID, DISABLE_AUTO_STEER, DISABLE_AUTO_LIGHTS, DISABLE_AUTO_WIPER) VALUES ('9b7a158a-3d93-4c4f-b0be-ae2c3753b712', '0ed77d85-be0a-4998-9feb-81cca9c075f6', 1, 0, 0);

INSERT INTO BOP_ENTRY (BOP_ENTRY_ID, BOP_ID, TRACK, CAR_MODEL, BALLEST, RESTRICTOR) VALUES ('0ed77d85-be0a-4998-9feb-81cca9c075f6', '9b7a158a-3d93-4c4f-b0be-ae2c3753b712', 'zolder', 7, 1, 2);
INSERT INTO BOP_ENTRY (BOP_ENTRY_ID, BOP_ID, TRACK, CAR_MODEL, RESTRICTOR) VALUES ('c23c1da0-375b-43ae-af10-184d97119e54', '9b7a158a-3d93-4c4f-b0be-ae2c3753b712', 'silverstone', 2, 5);

INSERT INTO CONFIG (CONFIG_ID, UDP_PORT, TCP_PORT, MAX_CONNECTIONS, LAN_DISCOVERY, REGISTER_TO_LOBBY, PUBLIC_IP, CONFIG_VERSION) VALUES ('bed3a53b-fb7c-490b-bb70-7e6a6c7ab3fd', 9231, 9232, 85, 1, 1, '11.22.33.44', 1);

INSERT INTO SETTINGS (SETTINGS_ID, SERVER_INSTANCE_NAME, ADMIN_PASSWORD, CAR_GROUP, TRACK_MEDALS_REQUIREMENT, SAFETY_RATING_REQUIREMENT, RACE_CRAFT_RATING_REQUIREMENT, SERVER_PASSWORD, SPECTATOR_PASSWORD, MAX_CAR_SLOTS, DUMP_LEADER_BOARDS, IS_RACE_LOCKED, IS_PREP_PHASE_LOCKED, RANDOMIZE_TRACK_WHEN_EMPTY, CENTRAL_ENTRY_LIST_PATH, ALLOW_AUTO_DQ, SHORT_FORMATION_LAP, DUMP_ENTRY_LIST, FORMATION_LAP_TYPE, DO_DRIVER_SWAP_BROADCAST, CONFIG_VERSION) VALUES ('c092ab62-4d0e-4fe6-b8e9-21344d8dc27f', 'ACC Game Server', 'adminPw123', 'FreeForAll', 3, 49, -1, 'accessPw123', 'spectPw432', 30, 0, 0, 1, 0, '', 1, 0, 0, 3, 1, 1);

INSERT INTO USERS (USER_ID, USERNAME, PASSWORD, IS_TEST_USER, TOKEN_VALIDATION, USER_CREATION,  ENABLED, ACCOUNT_NON_EXPIRED, CREDENTIALS_NON_EXPIRED, ACCOUNT_NON_LOCKED, CREDENTIAL_UPDATED) VALUES ('8afdd91b-c2a5-4761-92b2-684a6dcc46ce', 'user-1', '{bcrypt}$2a$10$dc9BIcz.IycHilxWdkP6p.vWz.66IDNRvEkxqtoAue/tYXSHaD82u', false, null, '2023-07-01 00:00:00.000000', true, true, true, true, '2023-07-01 00:00:00.000000');
INSERT INTO USERS (USER_ID, USERNAME, PASSWORD, IS_TEST_USER, TOKEN_VALIDATION, USER_CREATION,  ENABLED, ACCOUNT_NON_EXPIRED, CREDENTIALS_NON_EXPIRED, ACCOUNT_NON_LOCKED, CREDENTIAL_UPDATED) VALUES ('08bcf318-010b-424d-b41e-34c5a84336ba', 'user-2', '{bcrypt}$2a$10$ZeqHfX4wGNFsh9yOg8KhJ.twgbw7ePtnDqyhXJT0SLiezAfTKMJMe', false, null, '2023-07-01 00:00:00.000000', true, true, true, true, '2023-07-01 00:00:00.000000');
INSERT INTO USERS (USER_ID, USERNAME, PASSWORD, IS_TEST_USER, TOKEN_VALIDATION, USER_CREATION,  ENABLED, ACCOUNT_NON_EXPIRED, CREDENTIALS_NON_EXPIRED, ACCOUNT_NON_LOCKED, CREDENTIAL_UPDATED) VALUES ('d0872b24-16b5-413f-abdd-5d5ce775207e', 'user-3', '{bcrypt}$2a$10$I7TMnLz29KZ8tSKjy2tv.OXD9pyJa7dwiTHSHIltgfWvC0whNq4DK', false, null, '2023-07-01 00:00:00.000000', true, true, true, true, '2023-07-01 00:00:00.000000');

INSERT INTO USERS_AUTHORITY (AUTHORITY_ID, PERMISSION) VALUES ('b86c32d2-1605-4fd3-923f-149338d355eb', 'read.instance');
INSERT INTO USERS_AUTHORITY (AUTHORITY_ID, PERMISSION) VALUES ('6f4ccb97-d40d-47bf-919a-1ca5f758d80d', 'read.entries');
INSERT INTO USERS_AUTHORITY (AUTHORITY_ID, PERMISSION) VALUES ('c709ee4f-9416-4a8d-8a8f-b3c8dca7dd1a', 'read.events');
INSERT INTO USERS_AUTHORITY (AUTHORITY_ID, PERMISSION) VALUES ('c64ac349-9be5-41c3-a414-09ba7615bd8f', 'read.eventRules');
INSERT INTO USERS_AUTHORITY (AUTHORITY_ID, PERMISSION) VALUES ('7ee7139a-46ab-433a-9854-627465e5983d', 'read.bop');
INSERT INTO USERS_AUTHORITY (AUTHORITY_ID, PERMISSION) VALUES ('f2843a9a-4691-4099-b5ff-3549b707e9fc', 'read.assistRules');
INSERT INTO USERS_AUTHORITY (AUTHORITY_ID, PERMISSION) VALUES ('63df665a-ce24-4f8b-854b-0d470612c30c', 'write.instance');
INSERT INTO USERS_AUTHORITY (AUTHORITY_ID, PERMISSION) VALUES ('06063b15-1eee-4297-82c5-6d6b342ca18a', 'write.entries');
INSERT INTO USERS_AUTHORITY (AUTHORITY_ID, PERMISSION) VALUES ('4a556f05-bbb4-4483-b98a-cec16ea429e2', 'write.events');
INSERT INTO USERS_AUTHORITY (AUTHORITY_ID, PERMISSION) VALUES ('104c7164-ab3f-40a3-8d29-707cb4b3076a', 'write.eventRules');
INSERT INTO USERS_AUTHORITY (AUTHORITY_ID, PERMISSION) VALUES ('f2b83f95-28e6-489a-81fd-7715e67627ec', 'write.bop');
INSERT INTO USERS_AUTHORITY (AUTHORITY_ID, PERMISSION) VALUES ('e6feabaa-fc15-4dc1-b930-8f4f9fcfec20', 'write.assistRules');

INSERT INTO USERS_VALIDATION (USER_ID, PASSWORD_RESET_TOKEN, PASSWORD_RESET_ISSUED, CREATION, TOKEN, TOKEN_ISSUED) VALUES ('8afdd91b-c2a5-4761-92b2-684a6dcc46ce', null, null, '2023-07-01 00:00:00.000000', null, null);
INSERT INTO USERS_VALIDATION (USER_ID, PASSWORD_RESET_TOKEN, PASSWORD_RESET_ISSUED, CREATION, TOKEN, TOKEN_ISSUED) VALUES ('08bcf318-010b-424d-b41e-34c5a84336ba', null, null, '2023-07-01 00:00:00.000000', null, null);
INSERT INTO USERS_VALIDATION (USER_ID, PASSWORD_RESET_TOKEN, PASSWORD_RESET_ISSUED, CREATION, TOKEN, TOKEN_ISSUED) VALUES ('d0872b24-16b5-413f-abdd-5d5ce775207e', null, null, '2023-07-01 00:00:00.000000', null, null);

INSERT INTO ROLES (ROLE_ID, ROLE_NAME) VALUES ('43210004-673d-47ae-aed2-38220d93c14b', 'ADMIN');
INSERT INTO ROLES (ROLE_ID, ROLE_NAME) VALUES ('8188a2cb-b5c1-4cff-bb40-b704ee6aa94e', 'USER');

INSERT INTO USERS_ROLES (USER_ID, ROLE_ID) VALUES ('8afdd91b-c2a5-4761-92b2-684a6dcc46ce', '43210004-673d-47ae-aed2-38220d93c14b');
INSERT INTO USERS_ROLES (USER_ID, ROLE_ID) VALUES ('08bcf318-010b-424d-b41e-34c5a84336ba', '8188a2cb-b5c1-4cff-bb40-b704ee6aa94e');
INSERT INTO USERS_ROLES (USER_ID, ROLE_ID) VALUES ('d0872b24-16b5-413f-abdd-5d5ce775207e', '43210004-673d-47ae-aed2-38220d93c14b');

INSERT INTO USERS_ROLES_AUTHORITIES (ROLE_ID, AUTHORITY_ID) VALUES ('43210004-673d-47ae-aed2-38220d93c14b', 'b86c32d2-1605-4fd3-923f-149338d355eb');
INSERT INTO USERS_ROLES_AUTHORITIES (ROLE_ID, AUTHORITY_ID) VALUES ('43210004-673d-47ae-aed2-38220d93c14b', '6f4ccb97-d40d-47bf-919a-1ca5f758d80d');
INSERT INTO USERS_ROLES_AUTHORITIES (ROLE_ID, AUTHORITY_ID) VALUES ('43210004-673d-47ae-aed2-38220d93c14b', 'c709ee4f-9416-4a8d-8a8f-b3c8dca7dd1a');
INSERT INTO USERS_ROLES_AUTHORITIES (ROLE_ID, AUTHORITY_ID) VALUES ('43210004-673d-47ae-aed2-38220d93c14b', 'c64ac349-9be5-41c3-a414-09ba7615bd8f');
INSERT INTO USERS_ROLES_AUTHORITIES (ROLE_ID, AUTHORITY_ID) VALUES ('43210004-673d-47ae-aed2-38220d93c14b', '7ee7139a-46ab-433a-9854-627465e5983d');
INSERT INTO USERS_ROLES_AUTHORITIES (ROLE_ID, AUTHORITY_ID) VALUES ('43210004-673d-47ae-aed2-38220d93c14b', 'f2843a9a-4691-4099-b5ff-3549b707e9fc');
INSERT INTO USERS_ROLES_AUTHORITIES (ROLE_ID, AUTHORITY_ID) VALUES ('43210004-673d-47ae-aed2-38220d93c14b', '63df665a-ce24-4f8b-854b-0d470612c30c');
INSERT INTO USERS_ROLES_AUTHORITIES (ROLE_ID, AUTHORITY_ID) VALUES ('43210004-673d-47ae-aed2-38220d93c14b', '06063b15-1eee-4297-82c5-6d6b342ca18a');
INSERT INTO USERS_ROLES_AUTHORITIES (ROLE_ID, AUTHORITY_ID) VALUES ('43210004-673d-47ae-aed2-38220d93c14b', '4a556f05-bbb4-4483-b98a-cec16ea429e2');
INSERT INTO USERS_ROLES_AUTHORITIES (ROLE_ID, AUTHORITY_ID) VALUES ('43210004-673d-47ae-aed2-38220d93c14b', '104c7164-ab3f-40a3-8d29-707cb4b3076a');
INSERT INTO USERS_ROLES_AUTHORITIES (ROLE_ID, AUTHORITY_ID) VALUES ('43210004-673d-47ae-aed2-38220d93c14b', 'f2b83f95-28e6-489a-81fd-7715e67627ec');
INSERT INTO USERS_ROLES_AUTHORITIES (ROLE_ID, AUTHORITY_ID) VALUES ('43210004-673d-47ae-aed2-38220d93c14b', 'e6feabaa-fc15-4dc1-b930-8f4f9fcfec20');
INSERT INTO USERS_ROLES_AUTHORITIES (ROLE_ID, AUTHORITY_ID) VALUES ('d0872b24-16b5-413f-abdd-5d5ce775207e', 'b86c32d2-1605-4fd3-923f-149338d355eb');
INSERT INTO USERS_ROLES_AUTHORITIES (ROLE_ID, AUTHORITY_ID) VALUES ('d0872b24-16b5-413f-abdd-5d5ce775207e', '6f4ccb97-d40d-47bf-919a-1ca5f758d80d');
INSERT INTO USERS_ROLES_AUTHORITIES (ROLE_ID, AUTHORITY_ID) VALUES ('d0872b24-16b5-413f-abdd-5d5ce775207e', 'c709ee4f-9416-4a8d-8a8f-b3c8dca7dd1a');
INSERT INTO USERS_ROLES_AUTHORITIES (ROLE_ID, AUTHORITY_ID) VALUES ('d0872b24-16b5-413f-abdd-5d5ce775207e', 'c64ac349-9be5-41c3-a414-09ba7615bd8f');
INSERT INTO USERS_ROLES_AUTHORITIES (ROLE_ID, AUTHORITY_ID) VALUES ('d0872b24-16b5-413f-abdd-5d5ce775207e', '7ee7139a-46ab-433a-9854-627465e5983d');
INSERT INTO USERS_ROLES_AUTHORITIES (ROLE_ID, AUTHORITY_ID) VALUES ('d0872b24-16b5-413f-abdd-5d5ce775207e', 'f2843a9a-4691-4099-b5ff-3549b707e9fc');
